{
  "read_todolist" : {
    "transaction" : "read_todolist",
    "sampleCount" : 160,
    "errorCount" : 0,
    "errorPct" : 0.0,
    "meanResTime" : 7.625,
    "medianResTime" : 3.5,
    "minResTime" : 1.0,
    "maxResTime" : 216.0,
    "pct1ResTime" : 8.0,
    "pct2ResTime" : 10.949999999999989,
    "pct3ResTime" : 207.4599999999998,
    "throughput" : 3.5628395831477686,
    "receivedKBytesPerSec" : 1.0507593301861584,
    "sentKBytesPerSec" : 0.5740903625189275
  },
  "read_person" : {
    "transaction" : "read_person",
    "sampleCount" : 154,
    "errorCount" : 0,
    "errorPct" : 0.0,
    "meanResTime" : 4.525974025974026,
    "medianResTime" : 4.0,
    "minResTime" : 1.0,
    "maxResTime" : 65.0,
    "pct1ResTime" : 7.0,
    "pct2ResTime" : 8.0,
    "pct3ResTime" : 51.79999999999973,
    "throughput" : 3.520724263277017,
    "receivedKBytesPerSec" : 1.0211475646418693,
    "sentKBytesPerSec" : 0.5604277880021032
  },
  "Total" : {
    "transaction" : "Total",
    "sampleCount" : 1199,
    "errorCount" : 0,
    "errorPct" : 0.0,
    "meanResTime" : 11.060884070058373,
    "medianResTime" : 5.0,
    "minResTime" : 1.0,
    "maxResTime" : 2228.0,
    "pct1ResTime" : 10.0,
    "pct2ResTime" : 13.0,
    "pct3ResTime" : 173.0,
    "throughput" : 24.24671385237614,
    "receivedKBytesPerSec" : 6.588725985844286,
    "sentKBytesPerSec" : 5.220432570778564
  },
  "update_todolist" : {
    "transaction" : "update_todolist",
    "sampleCount" : 145,
    "errorCount" : 0,
    "errorPct" : 0.0,
    "meanResTime" : 8.606896551724134,
    "medianResTime" : 5.0,
    "minResTime" : 1.0,
    "maxResTime" : 145.0,
    "pct1ResTime" : 11.400000000000006,
    "pct2ResTime" : 13.0,
    "pct3ResTime" : 145.0,
    "throughput" : 3.4107214263872225,
    "receivedKBytesPerSec" : 0.9526038358854939,
    "sentKBytesPerSec" : 0.6928027897349046
  },
  "create_todolist" : {
    "transaction" : "create_todolist",
    "sampleCount" : 173,
    "errorCount" : 0,
    "errorPct" : 0.0,
    "meanResTime" : 29.641618497109807,
    "medianResTime" : 6.0,
    "minResTime" : 1.0,
    "maxResTime" : 2228.0,
    "pct1ResTime" : 11.0,
    "pct2ResTime" : 13.299999999999983,
    "pct3ResTime" : 1614.5399999999925,
    "throughput" : 3.512405083851058,
    "receivedKBytesPerSec" : 1.0358850930888863,
    "sentKBytesPerSec" : 0.758048362823324
  },
  "create_person" : {
    "transaction" : "create_person",
    "sampleCount" : 166,
    "errorCount" : 0,
    "errorPct" : 0.0,
    "meanResTime" : 6.861445783132533,
    "medianResTime" : 4.0,
    "minResTime" : 1.0,
    "maxResTime" : 173.0,
    "pct1ResTime" : 8.300000000000011,
    "pct2ResTime" : 10.650000000000006,
    "pct3ResTime" : 137.49000000000066,
    "throughput" : 3.5962650837323165,
    "receivedKBytesPerSec" : 1.144904704391343,
    "sentKBytesPerSec" : 1.0816891072163608
  },
  "delete_todolist" : {
    "transaction" : "delete_todolist",
    "sampleCount" : 133,
    "errorCount" : 0,
    "errorPct" : 0.0,
    "meanResTime" : 14.812030075187977,
    "medianResTime" : 5.0,
    "minResTime" : 1.0,
    "maxResTime" : 332.0,
    "pct1ResTime" : 11.0,
    "pct2ResTime" : 18.29999999999997,
    "pct3ResTime" : 327.23999999999995,
    "throughput" : 3.323006196282231,
    "receivedKBytesPerSec" : 0.6198185385643614,
    "sentKBytesPerSec" : 0.6133282920872476
  },
  "update_person" : {
    "transaction" : "update_person",
    "sampleCount" : 139,
    "errorCount" : 0,
    "errorPct" : 0.0,
    "meanResTime" : 7.2517985611510785,
    "medianResTime" : 5.0,
    "minResTime" : 1.0,
    "maxResTime" : 188.0,
    "pct1ResTime" : 10.0,
    "pct2ResTime" : 15.0,
    "pct3ResTime" : 129.59999999999917,
    "throughput" : 3.3764088612514573,
    "receivedKBytesPerSec" : 0.9891822835697629,
    "sentKBytesPerSec" : 1.0452359463053829
  },
  "delete_person" : {
    "transaction" : "delete_person",
    "sampleCount" : 129,
    "errorCount" : 0,
    "errorPct" : 0.0,
    "meanResTime" : 6.604651162790696,
    "medianResTime" : 6.0,
    "minResTime" : 2.0,
    "maxResTime" : 46.0,
    "pct1ResTime" : 10.0,
    "pct2ResTime" : 13.0,
    "pct3ResTime" : 44.49999999999994,
    "throughput" : 3.3381637511644757,
    "receivedKBytesPerSec" : 0.6226457778050927,
    "sentKBytesPerSec" : 0.6096060756521064
  }
}