{
  "HTTP Request-1" : {
    "transaction" : "HTTP Request-1",
    "sampleCount" : 3772,
    "errorCount" : 0,
    "errorPct" : 0.0,
    "meanResTime" : 4749.808854718991,
    "medianResTime" : 3750.0,
    "minResTime" : 208.0,
    "maxResTime" : 29450.0,
    "pct1ResTime" : 9034.0,
    "pct2ResTime" : 11481.55,
    "pct3ResTime" : 18816.829999999998,
    "throughput" : 41.698909991377214,
    "receivedKBytesPerSec" : 2820.7301230267085,
    "sentKBytesPerSec" : 4.642261463883791
  },
  "Total" : {
    "transaction" : "Total",
    "sampleCount" : 11319,
    "errorCount" : 3,
    "errorPct" : 0.026504109,
    "meanResTime" : 4083.9336513826033,
    "medianResTime" : 3467.0,
    "minResTime" : 39.0,
    "maxResTime" : 31583.0,
    "pct1ResTime" : 8580.0,
    "pct2ResTime" : 10921.0,
    "pct3ResTime" : 16963.599999999995,
    "throughput" : 124.92136542727543,
    "receivedKBytesPerSec" : 5652.685383591862,
    "sentKBytesPerSec" : 18.21287068613493
  },
  "HTTP Request-0" : {
    "transaction" : "HTTP Request-0",
    "sampleCount" : 3772,
    "errorCount" : 0,
    "errorPct" : 0.0,
    "meanResTime" : 1376.4896606574791,
    "medianResTime" : 1426.0,
    "minResTime" : 39.0,
    "maxResTime" : 5712.0,
    "pct1ResTime" : 1830.7000000000003,
    "pct2ResTime" : 2453.0,
    "pct3ResTime" : 3191.27,
    "throughput" : 42.081776091928376,
    "receivedKBytesPerSec" : 10.382405903107045,
    "sentKBytesPerSec" : 4.520503291125118
  },
  "HTTP Request" : {
    "transaction" : "HTTP Request",
    "sampleCount" : 3775,
    "errorCount" : 3,
    "errorPct" : 0.0794702,
    "meanResTime" : 6123.879999999999,
    "medianResTime" : 5252.0,
    "minResTime" : 344.0,
    "maxResTime" : 31583.0,
    "pct1ResTime" : 10659.0,
    "pct2ResTime" : 12961.799999999997,
    "pct3ResTime" : 20377.72,
    "throughput" : 41.66252800494432,
    "receivedKBytesPerSec" : 2826.3852100784693,
    "sentKBytesPerSec" : 9.106435343067465
  }
}